{
  "project_info": {
    "project_number": "993164158666",
    "project_id": "sharealpha-f234b",
    "storage_bucket": "sharealpha-f234b.appspot.com"
  },
  "client": [
    {
      "client_info": {
        "mobilesdk_app_id": "1:993164158666:android:e6c60331a22fdb4499f633",
        "android_client_info": {
          "package_name": "com.nepalstock.alpha"
        }
      },
      "oauth_client": [
        {
          "client_id": "993164158666-5avmij86dd8g1hbhqq4fkp23p69vaa74.apps.googleusercontent.com",
          "client_type": 3
        }
      ],
      "api_key": [
        {
          "current_key": "AIzaSyARtM59glP-qRuB88DgI2ePA-KfqvcRzrM"
        }
      ],
      "services": {
        "appinvite_service": {
          "other_platform_oauth_client": [
            {
              "client_id": "993164158666-5avmij86dd8g1hbhqq4fkp23p69vaa74.apps.googleusercontent.com",
              "client_type": 3
            }
          ]
        }
      }
    }
  ],
  "configuration_version": "1"
}